"price","volume","type"
"2.816","18.4","ask"
"2.817","22","ask"
"2.8176","0.2","ask"
"2.818","22","ask"
"2.819","22","ask"
"2.82","22","ask"
"2.821","22","ask"
"2.822","22","ask"
"2.823","22","ask"
"2.824","22","ask"
"2.8245","12.1","ask"
"2.825","22","ask"
"2.8256","66.2","ask"
"2.826","22","ask"
"2.827","22.3","ask"
"2.8278","0.9","ask"
"2.828","22.2","ask"
"2.829","22","ask"
"2.83","22","ask"
"2.8309","5","ask"
"2.831","22","ask"
"2.8315","0.2","ask"
"2.8319","400","ask"
"2.832","22","ask"
"2.8322","19.1","ask"
"2.833","22","ask"
"2.8335","89.5","ask"
"2.834","22","ask"
"2.835","22","ask"
"2.836","22","ask"
"2.837","22","ask"
"2.838","22","ask"
"2.8385","363.7","ask"
"2.8386","4479.8","ask"
"2.8387","5008.2","ask"
"2.839","22","ask"
"2.84","22","ask"
"2.8408","0.3","ask"
"2.841","22","ask"
"2.8418","1.1","ask"
"2.842","22","ask"
"2.843","22","ask"
"2.844","22","ask"
"2.845","22","ask"
"2.8453","0.2","ask"
"2.8458","9","ask"
"2.846","22","ask"
"2.8469","1614.5","ask"
"2.847","22","ask"
"2.848","22","ask"
"2.849","22","ask"
"2.85","22","ask"
"2.8509","21.5","ask"
"2.851","2328","ask"
"2.852","22","ask"
"2.853","22","ask"
"2.8536","3.7","ask"
"2.854","22","ask"
"2.8546","0.3","ask"
"2.855","22","ask"
"2.8556","0.2","ask"
"2.8557","0.9","ask"
"2.856","22","ask"
"2.857","22","ask"
"2.8572","6.4","ask"
"2.858","22","ask"
"2.8587","116.7","ask"
"2.859","22","ask"
"2.8592","0.2","ask"
"2.8598","1238.4","ask"
"2.86","456.8","ask"
"2.861","22","ask"
"2.862","22","ask"
"2.863","22","ask"
"2.864","22","ask"
"2.865","134.7","ask"
"2.866","22","ask"
"2.867","22","ask"
"2.8673","11.9","ask"
"2.868","22","ask"
"2.8683","5","ask"
"2.8684","0.3","ask"
"2.8687","231.1","ask"
"2.8688","3493.6","ask"
"2.869","22","ask"
"2.8692","36.7","ask"
"2.8694","0.2","ask"
"2.8696","0.9","ask"
"2.87","22","ask"
"2.871","22","ask"
"2.872","22","ask"
"2.873","22","ask"
"2.8731","0.2","ask"
"2.874","22","ask"
"2.875","22","ask"
"2.876","22","ask"
"2.8763","88.1","ask"
"2.877","125.3","ask"
"2.878","22","ask"
"2.879","2.8","ask"
"2.88","22","ask"
"2.881","22","ask"
"2.8813","1.3","ask"
"2.882","22","ask"
"2.8822","0.3","ask"
"2.883","22","ask"
"2.8832","0.2","ask"
"2.8836","0.9","ask"
"2.8839","23.8","ask"
"2.884","22","ask"
"2.8841","3.6","ask"
"2.885","22","ask"
"2.886","22","ask"
"2.887","22.2","ask"
"2.888","22","ask"
"2.8883","8.9","ask"
"2.889","22","ask"
"2.89","22","ask"
"2.891","22","ask"
"2.8911","250","ask"
"2.892","22","ask"
"2.893","22","ask"
"2.8937","10.6","ask"
"2.894","22","ask"
"2.8945","18.7","ask"
"2.8948","3.6","ask"
"2.895","22","ask"
"2.8959","0.3","ask"
"2.896","22","ask"
"2.897","22.2","ask"
"2.8975","0.9","ask"
"2.898","645.4","ask"
"2.899","22","ask"
"2.8995","3.6","ask"
"2.8998","153.3","ask"
"2.9","22","ask"
"2.9009","0.2","ask"
"2.901","22","ask"
"2.902","22","ask"
"2.9029","35.9","ask"
"2.903","22","ask"
"2.9031","157.3","ask"
"2.904","22","ask"
"2.905","22","ask"
"2.906","22","ask"
"2.9063","91","ask"
"2.907","22","ask"
"2.908","22","ask"
"2.909","22","ask"
"2.9097","0.3","ask"
"2.91","22","ask"
"2.9107","11.8","ask"
"2.9108","0.2","ask"
"2.911","22","ask"
"2.9114","0.9","ask"
"2.912","22","ask"
"2.9126","66.2","ask"
"2.913","22","ask"
"2.914","22","ask"
"2.9147","0.2","ask"
"2.915","25.6","ask"
"2.916","22","ask"
"2.9161","12.9","ask"
"2.9162","114.4","ask"
"2.9167","1.3","ask"
"2.917","22","ask"
"2.918","22","ask"
"2.919","22","ask"
"2.9198","86.8","ask"
"2.92","22","ask"
"2.9206","20.9","ask"
"2.921","22","ask"
"2.922","22","ask"
"2.923","22","ask"
"2.9235","0.3","ask"
"2.924","22","ask"
"2.9246","0.2","ask"
"2.925","22","ask"
"2.9253","0.9","ask"
"2.926","22","ask"
"2.9261","12.1","ask"
"2.927","22","ask"
"2.928","22","ask"
"2.9286","0.2","ask"
"2.929","22","ask"
"2.9292","6.3","ask"
"2.93","22","ask"
"2.9305","3.6","ask"
"2.931","22","ask"
"2.9314","8.7","ask"
"2.9319","20.2","ask"
"2.932","22","ask"
"2.9328","102.3","ask"
"2.9329","23.8","ask"
"2.933","22","ask"
"2.934","22","ask"
"2.935","22","ask"
"2.936","22","ask"
"2.937","22","ask"
"2.9373","0.3","ask"
"2.938","22","ask"
"2.939","22","ask"
"2.9393","0.9","ask"
"2.94","57.8","ask"
"2.941","22","ask"
"2.9413","210","ask"
"2.942","22","ask"
"2.9425","0.2","ask"
"2.943","22","ask"
"2.9438","160.7","ask"
"2.944","22","ask"
"2.945","22","ask"
"2.946","22","ask"
"2.9461","3.6","ask"
"2.947","22","ask"
"2.948","22","ask"
"2.949","22","ask"
"2.9497","100.8","ask"
"2.95","428.1","ask"
"2.951","22","ask"
"2.9511","0.3","ask"
"2.952","23.3","ask"
"2.953","22","ask"
"2.9532","0.9","ask"
"2.954","22","ask"
"2.9548","11.6","ask"
"2.955","22","ask"
"2.956","22","ask"
"2.9564","0.2","ask"
"2.9571","66.2","ask"
"2.958","22","ask"
"2.9581","18.3","ask"
"2.9583","77.8","ask"
"2.9584","210.1","ask"
"2.959","22","ask"
"2.96","22","ask"
"2.9606","3.5","ask"
"2.961","22","ask"
"2.9618","3.5","ask"
"2.962","22","ask"
"2.963","22","ask"
"2.9638","23.8","ask"
"2.9639","85.5","ask"
"2.964","22","ask"
"2.9649","0.3","ask"
"2.966","22","ask"
"2.9661","10.3","ask"
"2.967","22","ask"
"2.9671","0.9","ask"
"2.9679","212.7","ask"
"2.968","22","ask"
"2.969","22","ask"
"2.97","22","ask"
"2.9703","0.2","ask"
"2.971","22","ask"
"2.9717","12.1","ask"
"2.9718","213.2","ask"
"2.972","22","ask"
"2.973","22","ask"
"2.974","22","ask"
"2.9747","112.1","ask"
"2.975","22","ask"
"2.9751","8.6","ask"
"2.976","44","ask"
"2.977","44","ask"
"2.9776","3.5","ask"
"2.978","44","ask"
"2.9787","0.3","ask"
"2.979","118.3","ask"
"2.98","22","ask"
"2.981","22","ask"
"2.9811","0.9","ask"
"2.982","180.6","ask"
"2.983","22","ask"
"2.9838","5","ask"
"2.984","22","ask"
"2.9841","0.2","ask"
"2.9847","212.8","ask"
"2.985","22","ask"
"2.986","22","ask"
"2.987","22","ask"
"2.9874","1.3","ask"
"2.988","22","ask"
"2.9886","213.3","ask"
"2.99","3","ask"
"2.9935","3.5","ask"
"2.995","0.9","ask"
"2.998","0.2","ask"
"2.9995","11.4","ask"
"3","33","ask"
"3.0023","51.7","ask"
"3.0024","66.2","ask"
"3.003","6.1","ask"
"3.0062","5.3","ask"
"3.0079","19.8","ask"
"3.0087","84.3","ask"
"3.0095","3.5","ask"
"3.0103","5.4","ask"
"3.0124","35","ask"
"3.0179","12.1","ask"
"3.0195","8.5","ask"
"3.02","66.2","ask"
"3.0208","156.6","ask"
"3.0231","17.9","ask"
"3.0233","5","ask"
"3.0241","98.3","ask"
"3.0255","3.5","ask"
"3.0264","3.5","ask"
"3.0299","1980.1","ask"
"3.0344","109.9","ask"
"3.0358","5.4","ask"
"3.0382","8.2","ask"
"3.0403","10.1","ask"
"3.0416","3.5","ask"
"3.0427","15","ask"
"3.0438","11.3","ask"
"3.0449","11.2","ask"
"3.0483","66.2","ask"
"3.05","2333.9","ask"
"3.0524","76.6","ask"
"3.0542","83","ask"
"3.055","1329.9","ask"
"3.0564","72.4","ask"
"3.0578","3.4","ask"
"3.06","12000","ask"
"3.0601","154.5","ask"
"3.0616","5.4","ask"
"3.0634","5","ask"
"3.064","8.2","ask"
"3.0646","8.4","ask"
"3.0649","12.1","ask"
"3.073","36.8","ask"
"3.0741","3.4","ask"
"3.0748","0.1","ask"
"3.0773","10","ask"
"3.0787","5.9","ask"
"3.08","97.4","ask"
"3.0866","34.1","ask"
"3.0875","5.4","ask"
"3.0896","17.5","ask"
"3.0905","3.4","ask"
"3.091","11.1","ask"
"3.0922","3.4","ask"
"3.0954","107.7","ask"
"3.0999","153.7","ask"
"3.1004","81.8","ask"
"3.1005","95.9","ask"
"3.1035","15.2","ask"
"3.104","5","ask"
"3.1048","8.1","ask"
"3.1057","1.2","ask"
"3.1058","0.2","ask"
"3.107","3.4","ask"
"3.1103","8.2","ask"
"3.1125","12.1","ask"
"3.1138","5.4","ask"
"3.1163","9.8","ask"
"3.1234","148.1","ask"
"3.1235","3.4","ask"
"3.1357","70.6","ask"
"3.1378","10.9","ask"
"3.1402","8.7","ask"
"3.1403","150.6","ask"
"3.1423","66.2","ask"
"3.1451","5","ask"
"3.1462","8","ask"
"3.1472","80.5","ask"
"3.15","3851","ask"
"3.1562","5.8","ask"
"3.1567","8.1","ask"
"3.1569","3.3","ask"
"3.1575","122.7","ask"
"3.158","3.3","ask"
"3.1609","12.1","ask"
"3.1626","33.3","ask"
"3.1628","538.7","ask"
"3.163","4676.7","ask"
"3.1633","19.8","ask"
"3.1666","11","ask"
"3.1669","5.4","ask"
"3.1737","3.3","ask"
"3.1788","93.5","ask"
"3.1811","148.7","ask"
"3.1854","10.7","ask"
"3.1868","5","ask"
"3.1873","15","ask"
"3.1882","7.9","ask"
"3.1895","1.7","ask"
"3.1904","66.2","ask"
"3.1906","3.3","ask"
"3.1938","5.4","ask"
"3.1943","9.6","ask"
"3.1948","79.3","ask"
"3.199","3588","ask"
"3.1991","19.8","ask"
"3.2","914.5","ask"
"3.2003","20","ask"
"3.2012","33.1","ask"
"3.2038","8","ask"
"3.2053","0.5","ask"
"3.2077","3.3","ask"
"3.21","12.1","ask"
"3.2149","5","ask"
"3.217","68.8","ask"
"3.2209","108.9","ask"
"3.2213","1.7","ask"
"3.2218","146.8","ask"
"3.2238","3.2","ask"
"3.2248","3.3","ask"
"3.2269","16.7","ask"
"3.2291","5","ask"
"3.2307","7.7","ask"
"3.2336","10.6","ask"
"3.2357","5.7","ask"
"3.2361","48.1","ask"
"3.2374","1.7","ask"
"3.2392","66.2","ask"
"3.2393","48.1","ask"
"3.2406","32.5","ask"
"3.242","3.2","ask"
"3.2425","49.8","ask"
"3.2431","78.2","ask"
"3.2482","5.4","ask"
"3.2516","7.9","ask"
"3.2535","1.7","ask"
"3.259","91.2","ask"
"3.2592","3.2","ask"
"3.2599","12.1","ask"
"3.2631","144.9","ask"
"3.266","0.7","ask"
"3.2697","1.7","ask"
"3.2718","5","ask"
"3.2723","9.2","ask"
"3.2738","7.6","ask"
"3.2741","9.4","ask"
"3.2758","5.4","ask"
"3.2766","3.2","ask"
"3.28","7000.4","ask"
"3.2826","10.4","ask"
"3.2856","101.5","ask"
"3.286","1.7","ask"
"3.2875","60.8","ask"
"3.2887","66.2","ask"
"3.2896","3.2","ask"
"3.29","46.6","ask"
"3.2921","77","ask"
"3.294","3.2","ask"
"3.2945","164.8","ask"
"3.2963","7.6","ask"
"3.2969","44.2","ask"
"3.2978","16.4","ask"
"3.3","7.8","ask"
"3.3006","67.1","ask"
"3.3024","1.7","ask"
"3.3036","5.4","ask"
"3.3049","143.1","ask"
"3.3106","12.1","ask"
"3.3115","3.2","ask"
"3.3152","5","ask"
"3.3172","5.5","ask"
"3.3175","7.5","ask"
"3.3188","1.7","ask"
"3.3204","31.7","ask"
"3.3291","3.2","ask"
"3.33","3031.8","ask"
"3.3317","5.4","ask"
"3.3323","10.3","ask"
"3.3354","1.7","ask"
"3.3389","66.2","ask"
"3.3413","88.9","ask"
"3.3418","75.9","ask"
"3.3469","3.1","ask"
"3.3472","141.3","ask"
"3.3493","7.6","ask"
"3.35","89.5","ask"
"3.3515","99.5","ask"
"3.352","1.7","ask"
"3.3528","15","ask"
"3.3529","453.6","ask"
"3.3554","3.1","ask"
"3.3561","9.1","ask"
"3.3591","5","ask"
"3.36","5.4","ask"
"3.3618","7.4","ask"
"3.362","12.1","ask"
"3.3647","3.1","ask"
"3.3687","1.7","ask"
"3.3704","59.3","ask"
"3.3826","3.1","ask"
"3.3827","10.1","ask"
"3.3855","1.7","ask"
"3.3863","65.4","ask"
"3.3885","5.4","ask"
"3.39","205.7","ask"
"3.3923","74.7","ask"
"3.3973","2.9","ask"
"3.3993","7.5","ask"
"3.4","127.1","ask"
"3.4007","3.1","ask"
"3.4008","5.4","ask"
"3.4012","179.4","ask"
"3.4022","31","ask"
"3.4024","1.7","ask"
"3.4037","5","ask"
"3.4066","7.3","ask"
"3.4071","81.7","ask"
"3.4143","12.1","ask"
"3.4173","5.4","ask"
"3.4188","100.6","ask"
"3.419","29.4","ask"
"3.4193","1.7","ask"
"3.4212","3","ask"
"3.4257","86.8","ask"
"3.4335","137.7","ask"
"3.4339","10","ask"
"3.4363","1.7","ask"
"3.4371","3.1","ask"
"3.4381","4.6","ask"
"3.44","43.9","ask"
"3.4418","66.2","ask"
"3.4437","73.6","ask"
"3.4444","15.7","ask"
"3.445","1000","ask"
"3.4455","42.3","ask"
"3.446","786.4","ask"
"3.4463","5.4","ask"
"3.4488","5","ask"
"3.45","7.4","ask"
"3.4521","7.2","ask"
"3.4535","1.7","ask"
"3.4554","3","ask"
"3.46","206.4","ask"
"3.4661","80.3","ask"
"3.4674","12.1","ask"
"3.4707","1.7","ask"
"3.4738","3","ask"
"3.4742","63.7","ask"
"3.4755","5.4","ask"
"3.4775","136","ask"
"3.48","303","ask"
"3.4859","9.8","ask"
"3.486","30.2","ask"
"3.4865","5.2","ask"
"3.4875","95.6","ask"
"3.488","1.7","ask"
"3.4899","26.4","ask"
"3.49","2363.8","ask"
"3.4924","3","ask"
"3.4936","66.2","ask"
"3.4957","72.5","ask"
"3.4981","7.2","ask"
"3.5","10027.8","ask"
"3.5015","7.3","ask"
"3.505","5.4","ask"
"3.5054","1.7","ask"
"3.51","149.5","ask"
"3.511","3","ask"
"3.5122","84.6","ask"
"3.52","360.4","ask"
"3.5202","15.3","ask"
"3.5213","12.1","ask"
"3.522","134.3","ask"
"3.5224","41.4","ask"
"3.5229","1.7","ask"
"3.5261","87.6","ask"
"3.5298","3","ask"
"3.531","15","ask"
"3.5348","5.4","ask"
"3.5387","9.7","ask"
"3.54","45","ask"
"3.5404","1.7","ask"
"3.5408","5","ask"
"3.5448","7.1","ask"
"3.5461","66.2","ask"
"3.5483","1458.9","ask"
"3.5486","74.4","ask"
"3.55","2455.6","ask"
"3.5528","2.9","ask"
"3.5537","7.2","ask"
"3.5575","93.7","ask"
"3.5581","1.7","ask"
"3.56","134.4","ask"
"3.5643","62.1","ask"
"3.5648","5.4","ask"
"3.5672","132.6","ask"
"3.5676","2.9","ask"
"3.572","29.5","ask"
"3.5742","5.1","ask"
"3.5758","1.7","ask"
"3.5761","12.1","ask"
"3.5764","7","ask"
"3.5866","2.9","ask"
"3.5874","77.6","ask"
"3.5876","5","ask"
"3.5882","15","ask"
"3.59","95.8","ask"
"3.5921","7","ask"
"3.5922","9.5","ask"
"3.5937","1.7","ask"
"3.5951","5.4","ask"
"3.597","76.4","ask"
"3.5976","15","ask"
"3.5995","75.4","ask"
"3.6","1","ask"
"3.6009","123","ask"
"3.6013","138.8","ask"
"3.6023","70.4","ask"
"3.6058","2.9","ask"
"3.6067","7.1","ask"
"3.6068","0.6","ask"
"3.6115","1.7","ask"
"3.6143","8.5","ask"
"3.6154","81.3","ask"
"3.62","1207.6","ask"
"3.625","2.9","ask"
"3.6256","5.4","ask"
"3.6288","91.9","ask"
"3.6295","1.7","ask"
"3.63","4676.7","ask"
"3.6316","12.1","ask"
"3.6351","5","ask"
"3.64","6.9","ask"
"3.642","4492.5","ask"
"3.6444","2.9","ask"
"3.6463","2","ask"
"3.6466","9.4","ask"
"3.6477","1.7","ask"
"3.6495","76.3","ask"
"3.651","81.4","ask"
"3.6531","0.6","ask"
"3.6536","66.2","ask"
"3.6564","5.4","ask"
"3.6569","129.8","ask"
"3.6599","28.8","ask"
"3.66","119","ask"
"3.6606","7","ask"
"3.6638","2.9","ask"
"3.6643","5","ask"
"3.6658","1.7","ask"
"3.6693","14","ask"
"3.67","413.5","ask"
"3.6729","14.6","ask"
"3.6767","19","ask"
"3.68","20","ask"
"3.6811","39.6","ask"
"3.6833","5","ask"
"3.6834","2.8","ask"
"3.684","1.7","ask"
"3.6868","318","ask"
"3.6875","5.4","ask"
"3.6881","12.1","ask"
"3.6886","6.8","ask"
"3.6918","80.5","ask"
"3.6992","18","ask"
"3.7","155","ask"
"3.7017","90.1","ask"
"3.7019","9.2","ask"
"3.7025","1.7","ask"
"3.7031","2.8","ask"
"3.7047","8.3","ask"
"3.7085","66.2","ask"
"3.7128","75","ask"
"3.7152","6.9","ask"
"3.7157","14.3","ask"
"3.7188","5.4","ask"
"3.7209","1.7","ask"
"3.7228","2.8","ask"
"3.7298","1.3","ask"
"3.7314","5","ask"
"3.7377","6.7","ask"
"3.7394","1.7","ask"
"3.7427","2.8","ask"
"3.7454","12.1","ask"
"3.75","79.6","ask"
"3.7503","5.4","ask"
"3.7514","13.7","ask"
"3.7566","4.9","ask"
"3.7575","14.4","ask"
"3.7579","9.1","ask"
"3.7581","1.7","ask"
"3.7595","14.3","ask"
"3.76","134.4","ask"
"3.7626","2.8","ask"
"3.7631","38.8","ask"
"3.7637","1.7","ask"
"3.7643","66.2","ask"
"3.77","43.7","ask"
"3.7706","6.8","ask"
"3.7761","88.3","ask"
"3.7768","1.7","ask"
"3.7771","73.7","ask"
"3.7801","5","ask"
"3.7821","5.4","ask"
"3.7827","2.8","ask"
"3.7877","6.6","ask"
"3.7882","1.7","ask"
"3.7949","5","ask"
"3.7957","1.7","ask"
"3.7974","8.1","ask"
"3.8","528.8","ask"
"3.8028","225","ask"
"3.8029","2.8","ask"
"3.8036","12.1","ask"
"3.8082","2","ask"
"3.8099","215.5","ask"
"3.8101","12859.5","ask"
"3.8142","5.4","ask"
"3.8145","1.7","ask"
"3.8146","84.7","ask"
"3.8148","9","ask"
"3.821","66.2","ask"
"3.8231","2.7","ask"
"3.8259","3.4","ask"
"3.8269","6.7","ask"
"3.8295","5","ask"
"3.8335","1.7","ask"
"3.8354","13.4","ask"
"3.8381","6.5","ask"
"3.8401","14.1","ask"
"3.8425","27.4","ask"
"3.8426","72.4","ask"
"3.8435","2.7","ask"
"3.8466","5.4","ask"
"3.847","37.9","ask"
"3.8471","45.9","ask"
"3.8481","14","ask"
"3.85","97.3","ask"
"3.8504","15","ask"
"3.8512","4.7","ask"
"3.8518","86.6","ask"
"3.8527","1.7","ask"
"3.86","151.4","ask"
"3.8627","12.1","ask"
"3.864","2.7","ask"
"3.8718","1.7","ask"
"3.8725","83.4","ask"
"3.8726","8.8","ask"
"3.8784","66.2","ask"
"3.8793","5.4","ask"
"3.8794","5","ask"
"3.88","3.8","ask"
"3.8804","6.4","ask"
"3.884","6.6","ask"
"3.8845","2.7","ask"
"3.8894","6.4","ask"
"3.89","54","ask"
"3.8912","1.7","ask"
"3.8923","7.9","ask"
"3.8981","29.7","ask"
"3.9","17","ask"
"3.9052","2.7","ask"
"3.9066","1.3","ask"
"3.9092","71.2","ask"
"3.9105","1.7","ask"
"3.9122","5.4","ask"
"3.9182","200","ask"
"3.9212","13.1","ask"
"3.9227","12.1","ask"
"3.9245","13.8","ask"
"3.9257","0.1","ask"
"3.926","2.7","ask"
"3.9292","84.9","ask"
"3.9301","1.7","ask"
"3.9302","5","ask"
"3.9312","90.8","ask"
"3.932","4.1","ask"
"3.9328","37.1","ask"
"3.9368","66.2","ask"
"3.9371","26.7","ask"
"3.9389","13.6","ask"
"3.9413","6.3","ask"
"3.9419","6.5","ask"
"3.9455","5.4","ask"
"3.9469","2.7","ask"
"3.9482","4.6","ask"
"3.9496","1.7","ask"
"3.95","9381.3","ask"
"3.96","120","ask"
"3.9613","0.8","ask"
"3.9678","2.6","ask"
"3.9693","1.7","ask"
"3.9769","70","ask"
"3.979","5.4","ask"
"3.98","1.4","ask"
"3.9814","5","ask"
"3.989","2.6","ask"
"3.9891","1.7","ask"
"3.9896","7.7","ask"
"3.9908","89.5","ask"
"3.9922","146.2","ask"
"3.9939","6.3","ask"
"3.996","66.2","ask"
"4","10865.6","ask"
"4.0007","6.4","ask"
"4.0068","0.9","ask"
"4.0069","0.6","ask"
"4.008","36","ask"
"4.0081","83.2","ask"
"4.009","14.5","ask"
"4.0103","2.6","ask"
"4.0108","13.5","ask"
"4.0127","5.4","ask"
"4.0205","36.3","ask"
"4.029","1.7","ask"
"4.0317","15.9","ask"
"4.0321","44","ask"
"4.0335","5","ask"
"4.0341","26.1","ask"
"4.0417","0.3","ask"
"4.046","68.8","ask"
"4.0468","5.4","ask"
"4.0471","6.2","ask"
"4.0477","4.5","ask"
"4.049","1.7","ask"
"4.05","20","ask"
"4.0511","8.4","ask"
"4.0513","79.7","ask"
"4.0532","2.6","ask"
"4.056","66.2","ask"
"4.06","110","ask"
"4.0603","6.3","ask"
"4.0692","1.7","ask"
"4.0747","2.6","ask"
"4.08","250","ask"
"4.0812","5.4","ask"
"4.0831","0.3","ask"
"4.0854","0.9","ask"
"4.0855","0.3","ask"
"4.0856","0.3","ask"
"4.0857","0.3","ask"
"4.0862","5","ask"
"4.0886","81.6","ask"
"4.089","1000","ask"
"4.0894","7.5","ask"
"4.0895","1.7","ask"
"4.0964","2.6","ask"
"4.0987","12.5","ask"
"4.099","13.2","ask"
"4.1011","6.1","ask"
"4.108","15.6","ask"
"4.1099","1.7","ask"
"4.11","35.5","ask"
"4.1125","8.3","ask"
"4.1127","78.5","ask"
"4.1158","5.4","ask"
"4.1161","67.6","ask"
"4.1171","66.2","ask"
"4.1182","2.5","ask"
"4.12","2454.9","ask"
"4.1209","6.2","ask"
"4.1268","13","ask"
"4.1304","1.7","ask"
"4.1336","25.5","ask"
"4.1395","5","ask"
"4.14","173.8","ask"
"4.1401","2.5","ask"
"4.1496","4.4","ask"
"4.15","506.3","ask"
"4.1508","5.4","ask"
"4.1509","1.7","ask"
"4.1559","6","ask"
"4.1622","2.5","ask"
"4.1706","79.9","ask"
"4.171","8.8","ask"
"4.1717","1.7","ask"
"4.1748","8.2","ask"
"4.1751","77.3","ask"
"4.179","66.2","ask"
"4.1824","6.1","ask"
"4.1828","122.7","ask"
"4.1844","2.5","ask"
"4.186","5.4","ask"
"4.1875","66.5","ask"
"4.1891","12.9","ask"
"4.1904","12.2","ask"
"4.1917","7.3","ask"
"4.1925","1.7","ask"
"4.1936","5","ask"
"4.2","954.9","ask"
"4.205","3.8","ask"
"4.2067","2.5","ask"
"4.2087","0.1","ask"
"4.21","5.9","ask"
"4.2113","5.9","ask"
"4.2133","1.7","ask"
"4.2241","12.7","ask"
"4.2291","2.5","ask"
"4.23","9.4","ask"
"4.2343","1.7","ask"
"4.2354","24.9","ask"
"4.236","39.6","ask"
"4.238","8.1","ask"
"4.2384","76.2","ask"
"4.2418","66.2","ask"
"4.2448","6","ask"
"4.2483","5","ask"
"4.25","117.6","ask"
"4.2516","2.5","ask"
"4.2541","4.3","ask"
"4.2544","78.4","ask"
"4.2555","1.7","ask"
"4.26","157.2","ask"
"4.2601","65.3","ask"
"4.2675","5.9","ask"
"4.2742","2.4","ask"
"4.2766","1.7","ask"
"4.28","1999.4","ask"
"4.2812","12.6","ask"
"4.2843","412","ask"
"4.29","510.7","ask"
"4.2922","99.9","ask"
"4.2965","7.1","ask"
"4.2969","2.4","ask"
"4.2979","1.7","ask"
"4.3","2930.9","ask"
"4.3022","7.9","ask"
"4.3028","75","ask"
"4.3039","5","ask"
"4.3057","66.2","ask"
"4.3081","5.9","ask"
"4.3158","23.1","ask"
"4.3194","1.7","ask"
"4.3199","2.4","ask"
"4.3236","12.4","ask"
"4.3244","5.8","ask"
"4.3277","1.9","ask"
"4.3281","5.2","ask"
"4.334","64.2","ask"
"4.3398","101.1","ask"
"4.3409","1.7","ask"
"4.3429","2.4","ask"
"4.3458","31.7","ask"
"4.35","6","ask"
"4.358","2999.8","ask"
"4.3596","0.2","ask"
"4.36","7.8","ask"
"4.3613","4.2","ask"
"4.3625","1.7","ask"
"4.366","2.4","ask"
"4.3673","7.8","ask"
"4.3681","73.8","ask"
"4.3704","66.2","ask"
"4.3724","5.8","ask"
"4.3753","12.3","ask"
"4.3764","11","ask"
"4.3802","11.7","ask"
"4.3821","5.7","ask"
"4.3843","1.7","ask"
"4.3892","2.4","ask"
"4.4","0.2","ask"
"4.4039","6.9","ask"
"4.4061","1.7","ask"
"4.4092","63.1","ask"
"4.411","3.6","ask"
"4.4126","2.4","ask"
"4.417","5","ask"
"4.42","66.3","ask"
"4.4254","11","ask"
"4.4257","12.1","ask"
"4.4281","1.7","ask"
"4.4334","7.7","ask"
"4.4361","2.4","ask"
"4.4362","66.2","ask"
"4.4376","5.8","ask"
"4.44","55","ask"
"4.4405","5.6","ask"
"4.444","10.5","ask"
"4.4458","3269.1","ask"
"4.4467","23.7","ask"
"4.4502","1.7","ask"
"4.4597","2.3","ask"
"4.46","20","ask"
"4.47","34","ask"
"4.4711","4.1","ask"
"4.4715","12.1","ask"
"4.4723","1.7","ask"
"4.4747","5","ask"
"4.4783","11.4","ask"
"4.48","100","ask"
"4.4834","2.3","ask"
"4.4841","400","ask"
"4.4857","62","ask"
"4.4946","1.7","ask"
"4.4964","44","ask"
"4.497","3.5","ask"
"4.4999","5.5","ask"
"4.5","409.4","ask"
"4.5005","7.6","ask"
"4.5012","681","ask"
"4.5029","66.2","ask"
"4.5038","5.7","ask"
"4.5073","2.3","ask"
"4.5141","6.8","ask"
"4.517","1.7","ask"
"4.5182","33","ask"
"4.5208","1.1","ask"
"4.53","11.9","ask"
"4.5313","2.3","ask"
"4.5331","5","ask"
"4.5395","1.7","ask"
"4.5554","2.3","ask"
"4.5562","23.1","ask"
"4.56","330.2","ask"
"4.5622","1.7","ask"
"4.5635","61","ask"
"4.5678","5.5","ask"
"4.5687","7.5","ask"
"4.5698","11.8","ask"
"4.5706","66.2","ask"
"4.571","5.6","ask"
"4.5779","0.1","ask"
"4.5797","2.3","ask"
"4.58","27.5","ask"
"4.5801","0.7","ask"
"4.5836","4","ask"
"4.5839","0.1","ask"
"4.5849","1.7","ask"
"4.5869","0.1","ask"
"4.5898","0.1","ask"
"4.5923","5","ask"
"4.6","6221.9","ask"
"4.6017","1","ask"
"4.6041","2.3","ask"
"4.6078","1.7","ask"
"4.61","101.2","ask"
"4.6215","53","ask"
"4.627","6.6","ask"
"4.6286","2.3","ask"
"4.6304","0.5","ask"
"4.6307","1.7","ask"
"4.6312","40","ask"
"4.6368","11.6","ask"
"4.6379","7.4","ask"
"4.6393","5.5","ask"
"4.6394","66.2","ask"
"4.6402","0.1","ask"
"4.6427","59.9","ask"
"4.65","3421.2","ask"
"4.6511","100.2","ask"
"4.6532","2.2","ask"
"4.6538","1.7","ask"
"4.66","119.8","ask"
"4.6625","2.3","ask"
"4.6685","22.5","ask"
"4.67","10.8","ask"
"4.6703","11.6","ask"
"4.6724","99.9","ask"
"4.677","1.7","ask"
"4.678","2.2","ask"
"4.69","85.4","ask"
"4.6991","3.9","ask"
"4.7","32048.5","ask"
"4.7003","1.7","ask"
"4.7029","2.2","ask"
"4.705","22.6","ask"
"4.7081","7.3","ask"
"4.7084","5.4","ask"
"4.7091","66.2","ask"
"4.7232","58.9","ask"
"4.7238","1.7","ask"
"4.7279","2.2","ask"
"4.7309","2","ask"
"4.7408","2.1","ask"
"4.7427","6.4","ask"
"4.7462","11.3","ask"
"4.7473","1.7","ask"
"4.75","12180.9","ask"
"4.753","2.1","ask"
"4.7571","1.3","ask"
"4.771","1.7","ask"
"4.7729","11.3","ask"
"4.7732","29.4","ask"
"4.7784","2.1","ask"
"4.7787","5.3","ask"
"4.7794","7.1","ask"
"4.7799","66.2","ask"
"4.7836","22","ask"
"4.784","81.9","ask"
"4.7933","4.3","ask"
"4.7947","1.7","ask"
"4.8","785","ask"
"4.8051","57.9","ask"
"4.8092","3.3","ask"
"4.8175","3.8","ask"
"4.8186","1.7","ask"
"4.8231","46.5","ask"
"4.8293","9.9","ask"
"4.84","100","ask"
"4.8426","1.7","ask"
"4.85","4222.2","ask"
"4.8517","7","ask"
"4.8518","66.2","ask"
"4.8581","11","ask"
"4.8612","6.3","ask"
"4.8667","1.7","ask"
"4.87","325","ask"
"4.88","459.9","ask"
"4.8885","56.9","ask"
"4.891","1.7","ask"
"4.9","141","ask"
"4.9014","21.4","ask"
"4.9154","1.7","ask"
"4.9249","66.2","ask"
"4.9253","6.9","ask"
"4.9318","1.3","ask"
"4.9389","3.6","ask"
"4.9398","1.7","ask"
"4.94","100","ask"
"4.95","5070","ask"
"4.9645","1.7","ask"
"4.9727","10.7","ask"
"4.98","5000","ask"
"4.9828","6.1","ask"
"4.9893","1.7","ask"
"4.9898","1361.4","ask"
"4.9998","6.8","ask"
"5","29430.1","ask"
"5.0141","1.7","ask"
"5.0201","5","ask"
"5.0391","1.7","ask"
"5.0484","45.4","ask"
"5.0499","34.5","ask"
"5.05","6819.2","ask"
"5.0642","1.7","ask"
"5.07","476","ask"
"5.0895","1.7","ask"
"5.1","19.6","ask"
"5.1036","0.6","ask"
"5.1095","7.8","ask"
"5.1148","1.7","ask"
"5.1403","1.7","ask"
"5.1431","3.1","ask"
"5.15","5048.5","ask"
"5.1659","1.7","ask"
"5.167","0.6","ask"
"5.1917","1.7","ask"
"5.2","5065.9","ask"
"5.2176","1.7","ask"
"5.2246","29.4","ask"
"5.235","388","ask"
"5.24","100","ask"
"5.25","17661.8","ask"
"5.27","1.9","ask"
"5.2803","45.5","ask"
"5.29","35","ask"
"5.3","5000","ask"
"5.35","5000","ask"
"5.3788","131.7","ask"
"5.39","70","ask"
"5.3984","23","ask"
"5.4","5025.7","ask"
"5.44","5000","ask"
"5.45","5000","ask"
"5.5","8042.9","ask"
"5.5001","2.9","ask"
"5.5096","40.9","ask"
"5.55","36.8","ask"
"5.5523","10.1","ask"
"5.5555","8","ask"
"5.6","17.1","ask"
"5.66","77.6","ask"
"5.676","29.4","ask"
"5.6999","0.4","ask"
"5.7","100","ask"
"5.75","250","ask"
"5.8","12","ask"
"5.8099","2.2","ask"
"5.8327","17.3","ask"
"5.88","1.8","ask"
"5.8819","2.7","ask"
"5.89","4","ask"
"5.9151","40.9","ask"
"5.93","20","ask"
"5.9409","0.6","ask"
"5.9699","0.3","ask"
"6","921.1","ask"
"6.02","25","ask"
"6.035","512.5","ask"
"6.17","3.9","ask"
"6.21","1135.2","ask"
"6.27","4","ask"
"6.2903","2.5","ask"
"6.3","16","ask"
"6.3206","40.9","ask"
"6.44","4000","ask"
"6.4545","164.7","ask"
"6.47","18.5","ask"
"6.5","820.6","ask"
"6.53","28.2","ask"
"6.6","15.3","ask"
"6.6584","29.4","ask"
"6.66","2053.4","ask"
"6.6666","10","ask"
"6.7","3.1","ask"
"6.7261","40.9","ask"
"6.727","2.3","ask"
"6.82","23","ask"
"6.85","54.9","ask"
"7","153.5","ask"
"7.11","3525","ask"
"7.1316","40.9","ask"
"7.2","74.5","ask"
"7.25","10008.7","ask"
"7.4","10013.6","ask"
"7.5","370","ask"
"7.5303","164.7","ask"
"7.5372","40.9","ask"
"7.66","74.2","ask"
"7.7","8","ask"
"7.77","2007.9","ask"
"7.845","124.3","ask"
"7.88","10006.3","ask"
"7.9427","40.9","ask"
"7.95","129.3","ask"
"7.96","3.4","ask"
"8","4118.7","ask"
"8.1","2","ask"
"8.13","40","ask"
"8.3004","70","ask"
"8.3482","40.9","ask"
"8.4","12","ask"
"8.49","20000","ask"
"8.6","25000","ask"
"8.606","164.7","ask"
"8.66","45.7","ask"
"8.69","15000","ask"
"8.7","25000","ask"
"8.75","25000","ask"
"8.7537","40.9","ask"
"8.785","50000","ask"
"8.86","119","ask"
"8.88","4374.4","ask"
"8.8888","10","ask"
"8.9","680.1","ask"
"9","1515.6","ask"
"9.1593","40.9","ask"
"9.22","12","ask"
"9.35","8000","ask"
"9.38","40.9","ask"
"9.44","190.5","ask"
"9.49","500","ask"
"9.5","383.9","ask"
"9.6","10.5","ask"
"9.71","14.8","ask"
"9.8","1486.6","ask"
"9.88","1200","ask"
"9.89","5000","ask"
"9.9","4300","ask"
"9.9864","40.9","ask"
"9.99","119.8","ask"
"9.9999","10","ask"
"10","15497.4","ask"
"10.07","10","ask"
"10.2718","5.5","ask"
"10.98","5000","ask"
"11","3009.2","ask"
"11.096","40.9","ask"
"11.11","412.2","ask"
"11.1111","10","ask"
"11.7305","1206.4","ask"
"11.75","8064.2","ask"
"11.986","1206.3","ask"
"12","99.1","ask"
"12.15","72","ask"
"12.2057","40.9","ask"
"12.69","150","ask"
"12.73","22","ask"
"12.75","665.7","ask"
"12.8","7.9","ask"
"13.3","2000","ask"
"13.3154","40.9","ask"
"13.7","62.3","ask"
"13.75","8000","ask"
"14","100","ask"
"14.4251","40.9","ask"
"14.57","11.8","ask"
"14.6","8.3","ask"
"14.8","5000","ask"
"15","4192.8","ask"
"15.3","336","ask"
"15.5349","40.9","ask"
"15.7","8000","ask"
"16","14517.3","ask"
"16.6445","40.9","ask"
"16.7","8000","ask"
"17","5.3","ask"
"17.5","20611.8","ask"
"17.7","8000","ask"
"17.7542","40.9","ask"
"17.9","27.9","ask"
"18","20134.5","ask"
"18.5","15000","ask"
"18.7","8200","ask"
"18.8639","40.9","ask"
"19","3805.6","ask"
"19.0028","3","ask"
"19.7","15000","ask"
"19.9","300","ask"
"19.9737","41","ask"
"19.99","142.9","ask"
"20","7020","ask"
"21.85","9.4","ask"
"22.13","113","ask"
"22.1404","601.5","ask"
"22.95","168","ask"
"23","854.3","ask"
"23.7","9620.2","ask"
"24.3","47","ask"
"24.4","5001.4","ask"
"24.5","20","ask"
"24.78","100","ask"
"24.9","10000","ask"
"25","11196.6","ask"
"26.5","1000","ask"
"27","17.5","ask"
"27.4","54.9","ask"
"28","214.4","ask"
"28.88","20200","ask"
"28.9","547.4","ask"
"29","100000","ask"
"30","4746","ask"
"32","23","ask"
"32.77","7.5","ask"
"32.9954","743.5","ask"
"33.33","1915.7","ask"
"34","2500","ask"
"35","20600","ask"
"36.45","47","ask"
"38","5001.4","ask"
"38.52","60","ask"
"38.6","214.5","ask"
"39.41","250","ask"
"40","2329.5","ask"
"41","10000.1","ask"
"42.69","420.7","ask"
"44.4411","50","ask"
"45","10023.4","ask"
"48","105000","ask"
"48.72","250","ask"
"48.95","75","ask"
"49","18338.5","ask"
"49.16","6","ask"
"49.9","10000","ask"
"50","27924.8","ask"
"52","2000","ask"
"53.9","332.6","ask"
"54","1037.4","ask"
"56.99","1200","ask"
"57.9","100","ask"
"57.98","3500","ask"
"58.88","400","ask"
"59","17099.3","ask"
"59.98","3500","ask"
"60","453.7","ask"
"64","23","ask"
"64.4","410.5","ask"
"64.9","651.2","ask"
"65","7453.2","ask"
"68","5001.4","ask"
"68.4","266.5","ask"
"68.5","13.4","ask"
"68.88","500","ask"
"69","27500","ask"
"70","801.5","ask"
"73","27500","ask"
"73.74","4.8","ask"
"74","50000","ask"
"74.5","1000","ask"
"74.8","10000","ask"
"77.837","26210.9","ask"
"78.88","500","ask"
"79.13","13.4","ask"
"80","43163.7","ask"
"80.81","100","ask"
"81.89","411","ask"
"85","182.4","ask"
"90","877.7","ask"
"94","68","ask"
"97","3679.4","ask"
"98","6456.4","ask"
"99","3606.6","ask"
"99.7","10000","ask"
"100","874.4","ask"
"102","9960","ask"
"110","500","ask"
"110.61","3.8","ask"
"120","314.4","ask"
"128","23","ask"
"129.4","615.8","ask"
"130","600","ask"
"143","68","ask"
"146","20000","ask"
"148","25000","ask"
"149","25000","ask"
"155","25000","ask"
"165.92","3.1","ask"
"175","76","ask"
"190","60000","ask"
"195","28321","ask"
"198","9577.8","ask"
"200","6162.6","ask"
"245","50000","ask"
"250","3571.9","ask"
"287.1","615.9","ask"
"290","30000","ask"
"300","120.1","ask"
"313","313","ask"
"375","24","ask"
"500","160.8","ask"
"698","100000","ask"
"2.8103","36.8","bid"
"2.8056","207.6","bid"
"2.8055","205.6","bid"
"2.804","22","bid"
"2.8033","239","bid"
"2.803","22","bid"
"2.802","22","bid"
"2.801","22","bid"
"2.8","22","bid"
"2.799","22","bid"
"2.7987","233","bid"
"2.798","22","bid"
"2.797","22","bid"
"2.796","22","bid"
"2.795","22","bid"
"2.794","22","bid"
"2.793","22","bid"
"2.792","22","bid"
"2.791","22","bid"
"2.79","22","bid"
"2.789","22","bid"
"2.788","22","bid"
"2.787","22","bid"
"2.786","22","bid"
"2.785","22","bid"
"2.784","22","bid"
"2.783","22","bid"
"2.782","22","bid"
"2.7812","360","bid"
"2.7811","3158.9","bid"
"2.781","22","bid"
"2.78","22","bid"
"2.7799","172","bid"
"2.779","22","bid"
"2.778","22","bid"
"2.777","22","bid"
"2.776","22","bid"
"2.7753","1.3","bid"
"2.775","22","bid"
"2.774","22","bid"
"2.773","22","bid"
"2.772","22","bid"
"2.7711","4872","bid"
"2.771","22","bid"
"2.77","22","bid"
"2.769","22","bid"
"2.768","22","bid"
"2.767","22","bid"
"2.766","22","bid"
"2.765","22","bid"
"2.764","22","bid"
"2.763","22","bid"
"2.762","22","bid"
"2.761","22","bid"
"2.76","22","bid"
"2.759","22","bid"
"2.758","22","bid"
"2.757","22","bid"
"2.756","22","bid"
"2.755","22","bid"
"2.754","22","bid"
"2.753","22","bid"
"2.752","22","bid"
"2.751","22","bid"
"2.75","22","bid"
"2.749","22","bid"
"2.748","22","bid"
"2.747","22","bid"
"2.746","22","bid"
"2.745","22","bid"
"2.744","22","bid"
"2.743","22","bid"
"2.742","22","bid"
"2.7417","0.1","bid"
"2.7413","2087.4","bid"
"2.7411","15","bid"
"2.741","31.1","bid"
"2.74","22","bid"
"2.7399","1.3","bid"
"2.7396","1268.2","bid"
"2.739","22","bid"
"2.7387","24.1","bid"
"2.7386","169.2","bid"
"2.738","22","bid"
"2.7373","78.2","bid"
"2.737","22","bid"
"2.7364","5.1","bid"
"2.7362","0.1","bid"
"2.736","22","bid"
"2.7358","0.4","bid"
"2.7357","0.1","bid"
"2.735","22","bid"
"2.7346","0.4","bid"
"2.734","22","bid"
"2.7331","1","bid"
"2.733","26.2","bid"
"2.7329","10.9","bid"
"2.7322","0.4","bid"
"2.732","22","bid"
"2.731","22","bid"
"2.73","460.8","bid"
"2.729","22","bid"
"2.7286","90.8","bid"
"2.728","22","bid"
"2.7278","0.1","bid"
"2.727","22","bid"
"2.7267","7.8","bid"
"2.726","141","bid"
"2.725","45.6","bid"
"2.7248","27.9","bid"
"2.724","22","bid"
"2.7238","11.7","bid"
"2.7226","7.2","bid"
"2.7225","0.1","bid"
"2.7221","0.4","bid"
"2.7218","0.1","bid"
"2.7211","224.6","bid"
"2.721","51.3","bid"
"2.7207","50.7","bid"
"2.7205","67.6","bid"
"2.7199","12.3","bid"
"2.7185","0.4","bid"
"2.7142","105.9","bid"
"2.714","0.1","bid"
"2.7108","37.6","bid"
"2.7087","0.1","bid"
"2.7083","0.4","bid"
"2.7079","0.1","bid"
"2.7068","0.4","bid"
"2.705","36.6","bid"
"2.7048","75.3","bid"
"2.7045","1.3","bid"
"2.7035","171.4","bid"
"2.7014","9.5","bid"
"2.7007","9.3","bid"
"2.7006","5","bid"
"2.7001","0.1","bid"
"2.7","18.7","bid"
"2.6989","8.2","bid"
"2.6975","3.7","bid"
"2.6957","6.6","bid"
"2.6952","35.3","bid"
"2.695","0.1","bid"
"2.6946","0.4","bid"
"2.694","0.1","bid"
"2.6932","11.1","bid"
"2.693","0.4","bid"
"2.691","0.4","bid"
"2.6906","19.5","bid"
"2.6893","3.6","bid"
"2.688","92.2","bid"
"2.6863","0.1","bid"
"2.6832","7.6","bid"
"2.6812","0.1","bid"
"2.6808","0.4","bid"
"2.6805","37","bid"
"2.6801","0.1","bid"
"2.6795","67.7","bid"
"2.6793","12.5","bid"
"2.6791","0.4","bid"
"2.6773","0.4","bid"
"2.6725","8.4","bid"
"2.6724","121.5","bid"
"2.6711","8.7","bid"
"2.6692","1.3","bid"
"2.6688","173.6","bid"
"2.668","80.3","bid"
"2.6675","0.1","bid"
"2.6671","0.4","bid"
"2.6663","0.1","bid"
"2.6662","11.1","bid"
"2.6656","44.6","bid"
"2.6653","5.1","bid"
"2.6652","0.4","bid"
"2.6636","0.4","bid"
"2.6616","381","bid"
"2.661","9.4","bid"
"2.6603","100","bid"
"2.6586","0.1","bid"
"2.6576","165.6","bid"
"2.6569","69","bid"
"2.6541","2197.8","bid"
"2.6537","0.1","bid"
"2.6533","0.4","bid"
"2.6524","0.1","bid"
"2.652","1783.9","bid"
"2.6513","0.4","bid"
"2.6511","1","bid"
"2.65","2550.7","bid"
"2.6498","0.4","bid"
"2.6479","93.6","bid"
"2.6473","108.6","bid"
"2.6456","38.6","bid"
"2.6447","0.1","bid"
"2.6433","9.2","bid"
"2.6403","18","bid"
"2.64","10.2","bid"
"2.6399","0.1","bid"
"2.6396","0.4","bid"
"2.6393","12.7","bid"
"2.6391","67.6","bid"
"2.6385","0.1","bid"
"2.6374","0.4","bid"
"2.6361","0.4","bid"
"2.636","56.4","bid"
"2.6328","19.9","bid"
"2.6319","100","bid"
"2.6317","3.8","bid"
"2.6309","0.1","bid"
"2.6304","5.1","bid"
"2.6295","6.7","bid"
"2.6262","0.1","bid"
"2.6258","0.4","bid"
"2.6246","0.1","bid"
"2.6236","0.4","bid"
"2.6224","0.4","bid"
"2.6219","9.6","bid"
"2.6202","954","bid"
"2.617","0.1","bid"
"2.6154","9.8","bid"
"2.6125","0.1","bid"
"2.6121","0.4","bid"
"2.612","1310.5","bid"
"2.6107","0.1","bid"
"2.6097","0.4","bid"
"2.6091","5.7","bid"
"2.6086","0.4","bid"
"2.6085","95","bid"
"2.6063","71.3","bid"
"2.6053","38.2","bid"
"2.6032","0.1","bid"
"2.6011","11.4","bid"
"2.6005","82.4","bid"
"2.6","388","bid"
"2.5994","67.7","bid"
"2.5987","0.1","bid"
"2.5983","0.4","bid"
"2.5968","0.1","bid"
"2.596","5.1","bid"
"2.5958","0.4","bid"
"2.595","51.3","bid"
"2.5949","0.4","bid"
"2.5893","0.1","bid"
"2.5876","10.4","bid"
"2.585","0.1","bid"
"2.5849","7.6","bid"
"2.5846","0.4","bid"
"2.5833","9.7","bid"
"2.5829","0.1","bid"
"2.5821","111.3","bid"
"2.582","39.5","bid"
"2.5819","0.4","bid"
"2.5812","0.4","bid"
"2.5767","90.1","bid"
"2.5761","20.4","bid"
"2.5755","0.1","bid"
"2.5714","200","bid"
"2.5712","0.1","bid"
"2.5708","0.4","bid"
"2.5697","96.4","bid"
"2.569","0.1","bid"
"2.568","0.4","bid"
"2.5675","0.4","bid"
"2.5649","6.9","bid"
"2.5623","8.9","bid"
"2.562","5.1","bid"
"2.5616","0.1","bid"
"2.5612","13.1","bid"
"2.5603","67.6","bid"
"2.56","78.8","bid"
"2.5598","11","bid"
"2.5574","0.1","bid"
"2.5571","0.4","bid"
"2.5569","38.7","bid"
"2.5552","0.1","bid"
"2.5541","0.4","bid"
"2.5537","0.4","bid"
"2.5523","1","bid"
"2.55","134.3","bid"
"2.5478","0.1","bid"
"2.5471","113.9","bid"
"2.5458","1","bid"
"2.5453","9.8","bid"
"2.5442","398","bid"
"2.5437","0.1","bid"
"2.5433","0.4","bid"
"2.54","0.4","bid"
"2.539","98","bid"
"2.5376","11.7","bid"
"2.5347","84.5","bid"
"2.532","11.7","bid"
"2.5314","99","bid"
"2.5302","1976","bid"
"2.53","2996.8","bid"
"2.5299","197.6","bid"
"2.5296","0.4","bid"
"2.5285","5.1","bid"
"2.5263","0.4","bid"
"2.523","13.3","bid"
"2.5217","66.2","bid"
"2.5207","20.8","bid"
"2.5199","40.5","bid"
"2.5181","22.3","bid"
"2.518","724.2","bid"
"2.5139","35","bid"
"2.5099","100","bid"
"2.5092","1.9","bid"
"2.5079","10","bid"
"2.505","77.5","bid"
"2.5041","12.4","bid"
"2.504","79.2","bid"
"2.5019","7.1","bid"
"2.5001","4","bid"
"2.5","8155.1","bid"
"2.4977","0.5","bid"
"2.4954","5.1","bid"
"2.4937","99.4","bid"
"2.49","300","bid"
"2.4868","3.5","bid"
"2.4867","375","bid"
"2.4854","13.5","bid"
"2.4837","66.2","bid"
"2.48","25","bid"
"2.4779","18.9","bid"
"2.4778","201.7","bid"
"2.4764","397.4","bid"
"2.4757","12","bid"
"2.471","10.1","bid"
"2.4669","20.2","bid"
"2.4665","21.3","bid"
"2.4653","8","bid"
"2.4628","5.1","bid"
"2.4603","412","bid"
"2.46","247.6","bid"
"2.4594","41.5","bid"
"2.4566","100.9","bid"
"2.456","324.4","bid"
"2.4523","100","bid"
"2.4521","37.4","bid"
"2.452","250","bid"
"2.4519","77","bid"
"2.45","124.4","bid"
"2.449","104.6","bid"
"2.4463","66.2","bid"
"2.444","1","bid"
"2.4408","180.4","bid"
"2.4404","7.3","bid"
"2.4398","6.1","bid"
"2.4378","22.9","bid"
"2.4347","10.3","bid"
"2.4306","5.1","bid"
"2.42","102.4","bid"
"2.4153","12.3","bid"
"2.4134","21.8","bid"
"2.4095","66.2","bid"
"2.4037","40","bid"
"2.4002","42.5","bid"
"2.4001","24.3","bid"
"2.4","9036.4","bid"
"2.3989","10.4","bid"
"2.3988","5.1","bid"
"2.3933","450","bid"
"2.3909","62.3","bid"
"2.384","104","bid"
"2.3833","133.1","bid"
"2.3804","7.5","bid"
"2.3801","24.4","bid"
"2.38","2100","bid"
"2.3772","20.8","bid"
"2.3739","222.5","bid"
"2.3732","66.2","bid"
"2.37","300","bid"
"2.3674","5.1","bid"
"2.3636","10.6","bid"
"2.3617","9.7","bid"
"2.3615","22.2","bid"
"2.36","234.2","bid"
"2.3564","12.6","bid"
"2.35","3453.3","bid"
"2.3485","105.5","bid"
"2.343","0.5","bid"
"2.3425","43.5","bid"
"2.34","1630.3","bid"
"2.33","1016.4","bid"
"2.3296","5.9","bid"
"2.3288","10.8","bid"
"2.3219","7.6","bid"
"2.3215","61.5","bid"
"2.3135","107.1","bid"
"2.3117","79","bid"
"2.3107","22.7","bid"
"2.3074","43.3","bid"
"2.305","120","bid"
"2.3","108.5","bid"
"2.2989","12.9","bid"
"2.2965","69.7","bid"
"2.2945","10.9","bid"
"2.2927","26.8","bid"
"2.2906","29.4","bid"
"2.2895","26.2","bid"
"2.288","3.9","bid"
"2.2862","44.6","bid"
"2.285","43.7","bid"
"2.28","2267.3","bid"
"2.2791","108.7","bid"
"2.2679","4.6","bid"
"2.2651","27.2","bid"
"2.261","23.2","bid"
"2.2608","11.1","bid"
"2.26","244.5","bid"
"2.2599","221.2","bid"
"2.2576","364.6","bid"
"2.2522","22","bid"
"2.2505","444.3","bid"
"2.25","704.2","bid"
"2.2451","110.4","bid"
"2.2428","13.3","bid"
"2.24","6","bid"
"2.2344","4.5","bid"
"2.2312","45.7","bid"
"2.2282","0.9","bid"
"2.2275","11.3","bid"
"2.22","393.9","bid"
"2.2124","23.7","bid"
"2.2117","112.1","bid"
"2.2096","1.3","bid"
"2.2","2785.7","bid"
"2.1947","11.4","bid"
"2.1881","13.6","bid"
"2.1788","113.7","bid"
"2.1767","10.5","bid"
"2.1648","24.3","bid"
"2.1624","11.6","bid"
"2.1615","0.1","bid"
"2.16","255.9","bid"
"2.1504","6","bid"
"2.15","690.4","bid"
"2.1489","26.2","bid"
"2.1463","115.5","bid"
"2.1347","13.9","bid"
"2.1306","11.8","bid"
"2.13","1022.7","bid"
"2.1182","24.8","bid"
"2.1144","117.2","bid"
"2.1075","3500","bid"
"2.1","36.8","bid"
"2.0993","11.9","bid"
"2.0844","31.8","bid"
"2.0829","119","bid"
"2.0826","14.3","bid"
"2.0799","5","bid"
"2.0727","25.3","bid"
"2.07","12","bid"
"2.0684","12.1","bid"
"2.0608","6.1","bid"
"2.06","267.9","bid"
"2.0519","120.8","bid"
"2.05","8.2","bid"
"2.04","50","bid"
"2.038","12.3","bid"
"2.0318","14.6","bid"
"2.0213","122.6","bid"
"2.012","76.5","bid"
"2.01","989.5","bid"
"2.008","12.5","bid"
"2.0063","11.4","bid"
"2","3615.2","bid"
"1.9912","124.5","bid"
"1.99","502.5","bid"
"1.9822","15","bid"
"1.98","1000","bid"
"1.9785","12.7","bid"
"1.97","506","bid"
"1.9616","126.3","bid"
"1.959","25.3","bid"
"1.95","128.2","bid"
"1.9455","50","bid"
"1.9338","15.4","bid"
"1.9","27","bid"
"1.8866","15.8","bid"
"1.88","661.2","bid"
"1.86","245.4","bid"
"1.85","80.9","bid"
"1.8405","16.2","bid"
"1.8112","500","bid"
"1.8032","0.6","bid"
"1.8","221.2","bid"
"1.7956","16.6","bid"
"1.76","3","bid"
"1.7518","17","bid"
"1.75","286.5","bid"
"1.709","17.4","bid"
"1.7038","116.7","bid"
"1.7","2143.2","bid"
"1.69","2350","bid"
"1.6674","17.8","bid"
"1.655","6.6","bid"
"1.65","15","bid"
"1.63","3059.8","bid"
"1.6267","18.3","bid"
"1.62","600","bid"
"1.6","828.1","bid"
"1.596","15","bid"
"1.55","4.6","bid"
"1.5483","19.2","bid"
"1.5106","19.7","bid"
"1.51","25.8","bid"
"1.5","992.4","bid"
"1.4782","898.1","bid"
"1.4737","20.2","bid"
"1.45","68.9","bid"
"1.4444","44","bid"
"1.4386","29.3","bid"
"1.4378","20.7","bid"
"1.42","70.4","bid"
"1.41","300","bid"
"1.4027","21.2","bid"
"1.4","10.7","bid"
"1.3685","21.8","bid"
"1.3384","7.8","bid"
"1.3352","22.3","bid"
"1.333","1350.1","bid"
"1.3026","22.9","bid"
"1.2708","23.4","bid"
"1.25","45.3","bid"
"1.2398","24","bid"
"1.2248","81.6","bid"
"1.2096","24.6","bid"
"1.1801","25.2","bid"
"1.1513","25.9","bid"
"1.1233","26.5","bid"
"1.1185","8","bid"
"1.1084","8.9","bid"
"1.1","1863.2","bid"
"1.0959","27.2","bid"
"1.0691","27.9","bid"
"1.0431","28.6","bid"
"1.02","355.6","bid"
"1.0176","29.3","bid"
"1","1075.9","bid"
"0.9928","30","bid"
"0.9686","30.8","bid"
"0.9495","104.7","bid"
"0.945","31.5","bid"
"0.9367","29.4","bid"
"0.9219","32.3","bid"
"0.9","55.2","bid"
"0.8995","33.1","bid"
"0.8775","33.9","bid"
"0.86","7777","bid"
"0.81","50","bid"
"0.8","18.7","bid"
"0.7923","1623.6","bid"
"0.77","10150","bid"
"0.75","11977.9","bid"
"0.63","8","bid"
"0.62","9293.2","bid"
"0.61","1500","bid"
"0.6","25","bid"
"0.57","8","bid"
"0.55","579.5","bid"
"0.521","7.8","bid"
"0.5","27","bid"
"0.4854","29.4","bid"
"0.41","10","bid"
"0.4","37.5","bid"
"0.34","292.5","bid"
"0.333","300","bid"
"0.33","8","bid"
"0.31","275","bid"
"0.3","1018.3","bid"
"0.298","200.6","bid"
"0.23","869.5","bid"
"0.21","42","bid"
"0.2047","42.5","bid"
"0.2","7187.5","bid"
"0.18","30","bid"
"0.1707","15","bid"
"0.17","64","bid"
"0.1497","10","bid"
"0.14","2780.2","bid"
"0.134","20","bid"
"0.127","21","bid"
"0.119","23","bid"
"0.112","24","bid"
"0.111","75","bid"
"0.1","6153.1","bid"
"0.092","543.4","bid"
"0.082","1000","bid"
"0.08","50","bid"
"0.075","291.7","bid"
"0.0713","275.3","bid"
"0.0701","774.8","bid"
"0.07","1428.5","bid"
"0.0686","153.3","bid"
"0.0652","151.8","bid"
"0.06","250.9","bid"
"0.055","1000","bid"
"0.05","200","bid"
"0.0341","29.4","bid"
"0.0265","15413.8","bid"
"0.001","6000","bid"
"0.0005","1989","bid"
"0.0002","30000","bid"
"0.0001","239979.4","bid"